# Cosmic Chronometer H(z) measurements — Moresco et al. 2022, Living Rev. Relativ. 25, 6 (arXiv:2201.07241), Tabla tab:CC1
# Reescrito 2026-10-02 desde el extracto literal data/raw/moresco2022/tabla_cc1.tex (32 puntos). La version
#   anterior tenia 23 de los 32 y sigma=60 en z=0.48 (la fuente, Stern+2010, da 62).
# Los errores son SOLO la diagonal de la covarianza (la fuente pide usar la covarianza completa, Sect. CCsys).
# Cotejado por src/verificacion/coteja_crudos.py. Columnas: z, Hz [km/s/Mpc], sigma_Hz, metodo (F/D/L), referencia
z,Hz,sigma_Hz,metodo,referencia
0.07,69.0,19.6,F,zhang2014
0.09,69,12,F,simon2005
0.12,68.6,26.2,F,zhang2014
0.17,83,8,F,simon2005
0.179,75,4,D,moresco2012
0.199,75,5,D,moresco2012
0.20,72.9,29.6,F,zhang2014
0.27,77,14,F,simon2005
0.28,88.8,36.6,F,zhang2014
0.352,83,14,D,moresco2012
0.38,83,13.5,D,moresco2016
0.4,95,17,F,simon2005
0.4004,77,10.2,D,moresco2016
0.425,87.1,11.2,D,moresco2016
0.445,92.8,12.9,D,moresco2016
0.47,89.0,49.6,F,ratsimbazafy2017
0.4783,80.9,9,D,moresco2016
0.48,97,62,F,stern2010
0.593,104,13,D,moresco2012
0.68,92,8,D,moresco2012
0.75,98.8,33.6,L,borghi2021b
0.781,105,12,D,moresco2012
0.875,125,17,D,moresco2012
0.88,90,40,F,stern2010
0.9,117,23,F,simon2005
1.037,154,20,D,moresco2012
1.3,168,17,F,simon2005
1.363,160,33.6,D,moresco2015
1.43,177,18,F,simon2005
1.53,140,14,F,simon2005
1.75,202,40,F,simon2005
1.965,186.5,50.4,D,moresco2015
